CustomerID,FirstName,LastName,Email,PhoneNumber,StreetAddress,City,State,ZipCode,MembershipID,CustomerStatus
1,Sarah,Hernandez,sarah.hernandez@example.com,(918) 310-7267,734 Lantern Hollow Dr,Ravenscroft,MD,31401,1,ACTIVE
2,Sandra,Thompson,sandra.thompson@example.com,(512) 433-4652,487 Mossgate Ln,Maple Crossing,MD,31044,2,ACTIVE
3,John,Moore,john.moore@example.com,(559) 856-9346,6648 Mossgate Ln,Winterhaven,PA,49102,2,INACTIVE
4,Linda,Taylor,linda.taylor@example.com,(382) 794-5349,726 Wrenfield Ave,Havenport,DC,39001,2,ACTIVE
5,Christopher,Ramirez,christopher.ramirez@example.com,(820) 723-2894,6411 Cinderfield Ave,Havenport,DC,39001,1,ACTIVE
6,Margaret,Smith,margaret.smith@example.com,(732) 751-4228,6067 Foxden Ct,Fernhollow,MD,31910,5,INACTIVE
7,Michelle,Lee,michelle.lee@example.com,(879) 327-5920,8408 Hollyoak St,Stonegate,VA,41201,2,ACTIVE
8,Charles,Scott,charles.scott@example.com,(330) 396-7888,6311 Mossgate Ln,Foxglove Hollow,VA,41301,4,ACTIVE
9,Karen,Sanchez,karen.sanchez@example.com,(761) 200-5978,4800 Thistledown Rd,Greenbriar Falls,MD,31701,3,ACTIVE
10,Christopher,Robinson,christopher.robinson@example.com,(652) 652-4501,8475 Silverpine Ave,Amberton,VA,43219,4,ACTIVE
11,William,Garcia,william.garcia@example.com,(490) 727-6491,1630 Lantern Hollow Dr,Amberton,VA,43219,1,ACTIVE
12,Richard,Martinez,richard.martinez@example.com,(225) 247-5011,7884 Larkspur Dr,Winterhaven,PA,49102,3,ACTIVE
13,Kenneth,Torres,kenneth.torres@example.com,(399) 935-7291,8199 Foxden Ct,Maple Crossing,MD,31044,1,ACTIVE
14,Timothy,Miller,timothy.miller@example.com,(997) 635-4585,2981 Quillfeather St,Foxglove Hollow,VA,41301,2,ACTIVE
15,Jessica,Davis,jessica.davis@example.com,(667) 336-8612,8802 Whisperwind Way,Havenport,DC,39001,1,ACTIVE
16,Mark,Flores,mark.flores@example.com,(936) 716-7991,9076 Silverpine Ave,Copperfield,PA,45222,1,ACTIVE
17,Mark,Taylor,mark.taylor@example.com,(969) 453-5543,8640 Silverpine Ave,Stonegate,VA,41201,1,ACTIVE
18,Melissa,Jackson,melissa.jackson@example.com,(440) 478-6502,5338 Cinderfield Ave,Millbrook Junction,MD,31866,1,ACTIVE
19,Matthew,Martinez,matthew.martinez@example.com,(923) 419-2052,6897 Foxden Ct,Thistlewood,MD,31877,2,ACTIVE
20,Susan,Clark,susan.clark@example.com,(598) 988-1320,9532 Foxden Ct,Ravenscroft,MD,31401,1,ACTIVE
21,Timothy,Harris,timothy.harris@example.com,(629) 751-9947,9983 Cinderfield Ave,Maple Crossing,MD,31044,2,ACTIVE
22,Ashley,Johnson,ashley.johnson@example.com,(598) 544-7624,2804 Lantern Hollow Dr,Ravenscroft,MD,31401,4,INACTIVE
23,Andrew,Johnson,andrew.johnson@example.com,(603) 806-1444,1475 Mossgate Ln,Greenbriar Falls,MD,31701,1,ACTIVE
24,Patricia,Taylor,patricia.taylor@example.com,(588) 535-4467,7549 Brambleberry Blvd,Thistlewood,MD,31877,3,ACTIVE
25,Timothy,Clark,timothy.clark@example.com,(458) 283-8705,417 Ember Ridge Rd,Millbrook Junction,MD,31866,1,INACTIVE
26,Joseph,Jones,joseph.jones@example.com,(999) 867-1659,608 Thistledown Rd,Maple Crossing,MD,31044,4,ACTIVE
27,Jessica,Rodriguez,jessica.rodriguez@example.com,(684) 885-2874,9340 Thistledown Rd,Ravenscroft,MD,31401,3,ACTIVE
28,William,Hill,william.hill@example.com,(821) 965-2876,2783 Hollyoak St,Fernhollow,MD,31910,2,INACTIVE
29,Paul,Harris,paul.harris@example.com,(606) 932-4249,1345 Larkspur Dr,Foxglove Hollow,VA,41301,4,ACTIVE
30,Brian,Martin,brian.martin@example.com,(900) 814-2983,9372 Quillfeather St,Brightwater,MD,31204,1,ACTIVE
31,Lisa,Jones,lisa.jones@example.com,(718) 863-6590,307 Lantern Hollow Dr,Greenbriar Falls,MD,31701,4,ACTIVE
32,Lisa,Robinson,lisa.robinson@example.com,(924) 356-8135,2985 Ember Ridge Rd,Millbrook Junction,MD,31866,5,ACTIVE
33,Andrew,Walker,andrew.walker@example.com,(676) 646-5397,5380 Lantern Hollow Dr,Maple Crossing,MD,31044,4,ACTIVE
34,Mark,Thomas,mark.thomas@example.com,(968) 675-7209,5611 Starling Way,Ravenscroft,MD,31401,4,ACTIVE
35,Susan,Thompson,susan.thompson@example.com,(464) 548-5581,9867 Ember Ridge Rd,Copperfield,PA,45222,1,ACTIVE
36,Richard,Garcia,richard.garcia@example.com,(447) 937-7658,8104 Whisperwind Way,Amberton,VA,43219,1,ACTIVE
37,Melissa,Young,melissa.young@example.com,(658) 217-2524,4920 Thistledown Rd,Greenbriar Falls,MD,31701,3,ACTIVE
38,Donna,White,donna.white@example.com,(684) 766-9698,5732 Foxden Ct,Foxglove Hollow,VA,41301,2,ACTIVE
39,Sandra,Moore,sandra.moore@example.com,(513) 457-4777,2076 Ember Ridge Rd,Maple Crossing,MD,31044,1,ACTIVE
40,Timothy,Lopez,timothy.lopez@example.com,(396) 421-8933,4630 Ember Ridge Rd,Havenport,DC,39001,5,ACTIVE
41,Charles,Miller,charles.miller@example.com,(398) 503-4727,6012 Copperleaf Ln,Ashford Vale,MD,31814,1,ACTIVE
42,Sarah,Williams,sarah.williams@example.com,(255) 766-5786,2168 Mossgate Ln,Winterhaven,PA,49102,3,ACTIVE
43,James,Torres,james.torres@example.com,(491) 680-8843,7316 Brambleberry Blvd,Cobbleton,MD,31850,5,ACTIVE
44,Donald,Davis,donald.davis@example.com,(266) 610-9056,1313 Larkspur Dr,Stonegate,VA,41201,3,ACTIVE
45,Paul,Martin,paul.martin@example.com,(287) 454-2940,9243 Quillfeather St,Greenbriar Falls,MD,31701,3,ACTIVE
46,Joseph,King,joseph.king@example.com,(589) 661-8253,4971 Lantern Hollow Dr,Havenport,DC,39001,5,ACTIVE
47,Michelle,Brown,michelle.brown@example.com,(824) 957-2625,3504 Mossgate Ln,Maple Crossing,MD,31044,1,ACTIVE
48,Jessica,Lopez,jessica.lopez@example.com,(765) 276-3564,143 Foxden Ct,Ravenscroft,MD,31401,3,ACTIVE
49,Robert,Anderson,robert.anderson@example.com,(495) 923-5632,7538 Wrenfield Ave,Stonegate,VA,41201,1,ACTIVE
50,Kenneth,Nguyen,kenneth.nguyen@example.com,(877) 402-7965,1980 Whisperwind Way,Maple Crossing,MD,31044,3,INACTIVE
51,Elizabeth,Jones,elizabeth.jones@example.com,(261) 369-6039,9849 Ember Ridge Rd,Winterhaven,PA,49102,2,ACTIVE
52,Linda,Robinson,linda.robinson@example.com,(905) 511-7594,4560 Whisperwind Way,Millbrook Junction,MD,31866,2,ACTIVE
53,Robert,Ramirez,robert.ramirez@example.com,(952) 530-5102,523 Wrenfield Ave,Maple Crossing,MD,31044,5,ACTIVE
54,Paul,Nguyen,paul.nguyen@example.com,(221) 983-5415,9541 Starling Way,Amberton,VA,43219,3,ACTIVE
55,Carol,Lewis,carol.lewis@example.com,(484) 385-8141,8156 Wrenfield Ave,Ravenscroft,MD,31401,1,ACTIVE
56,Kevin,Miller,kevin.miller@example.com,(364) 537-7744,8217 Hollyoak St,Stonegate,VA,41201,5,ACTIVE
57,Emily,Williams,emily.williams@example.com,(665) 290-6153,4235 Brambleberry Blvd,Fernhollow,MD,31910,5,ACTIVE
58,Steven,Smith,steven.smith@example.com,(873) 755-8569,6870 Starling Way,Maple Crossing,MD,31044,2,ACTIVE
59,Ashley,Lewis,ashley.lewis@example.com,(978) 252-4335,4475 Whisperwind Way,Cobbleton,MD,31850,5,ACTIVE
60,Brian,Young,brian.young@example.com,(324) 229-4920,2694 Hollyoak St,Millbrook Junction,MD,31866,1,ACTIVE
61,Joseph,Davis,joseph.davis@example.com,(672) 320-3522,8265 Cinderfield Ave,Foxglove Hollow,VA,41301,1,ACTIVE
62,Anthony,Walker,anthony.walker@example.com,(683) 449-8483,9131 Copperleaf Ln,Greenbriar Falls,MD,31701,1,ACTIVE
63,Deborah,Rodriguez,deborah.rodriguez@example.com,(271) 482-7798,5668 Cinderfield Ave,Amberton,VA,43219,2,ACTIVE
64,Charles,Martin,charles.martin@example.com,(801) 793-9022,2534 Silverpine Ave,Millbrook Junction,MD,31866,2,ACTIVE
65,Timothy,Wright,timothy.wright@example.com,(586) 666-6272,3190 Ember Ridge Rd,Maple Crossing,MD,31044,2,ACTIVE
66,Stephanie,Clark,stephanie.clark@example.com,(244) 525-8749,6346 Foxden Ct,Stonegate,VA,41201,3,ACTIVE
67,Elizabeth,Young,elizabeth.young@example.com,(237) 329-9229,9769 Brambleberry Blvd,Winterhaven,PA,49102,1,ACTIVE
68,Michael,King,michael.king@example.com,(667) 215-3361,6817 Lantern Hollow Dr,Stonegate,VA,41201,5,ACTIVE
69,Thomas,Perez,thomas.perez@example.com,(838) 909-7512,1415 Lantern Hollow Dr,Thistlewood,MD,31877,4,ACTIVE
70,Matthew,Lee,matthew.lee@example.com,(841) 935-8994,8964 Starling Way,Havenport,DC,39001,1,ACTIVE
71,Charles,Anderson,charles.anderson@example.com,(964) 292-8110,1712 Quillfeather St,Stonegate,VA,41201,3,ACTIVE
72,William,Martin,william.martin@example.com,(229) 247-6314,1019 Hollyoak St,Thistlewood,MD,31877,2,ACTIVE
73,Kimberly,Clark,kimberly.clark@example.com,(779) 898-3950,2885 Copperleaf Ln,Fernhollow,MD,31910,3,ACTIVE
74,Amanda,Thomas,amanda.thomas@example.com,(709) 797-3344,3904 Silverpine Ave,Stonegate,VA,41201,1,ACTIVE
75,James,Robinson,james.robinson@example.com,(494) 893-9955,2688 Wrenfield Ave,Ravenscroft,MD,31401,5,INACTIVE
76,Karen,Ramirez,karen.ramirez@example.com,(906) 456-8484,5049 Thistledown Rd,Greenbriar Falls,MD,31701,4,ACTIVE
77,Matthew,Torres,matthew.torres@example.com,(567) 788-5847,4937 Starling Way,Winterhaven,PA,49102,3,ACTIVE
78,Paul,Brown,paul.brown@example.com,(820) 963-9138,4789 Quillfeather St,Amberton,VA,43219,1,ACTIVE
79,Joseph,Gonzalez,joseph.gonzalez@example.com,(835) 456-3240,1691 Cinderfield Ave,Stonegate,VA,41201,3,ACTIVE
80,Mark,Williams,mark.williams@example.com,(793) 573-3153,1576 Cinderfield Ave,Ashford Vale,MD,31814,1,ACTIVE
81,Richard,Rodriguez,richard.rodriguez@example.com,(752) 574-9697,8321 Cinderfield Ave,Ashford Vale,MD,31814,4,ACTIVE
82,Donald,Jackson,donald.jackson@example.com,(964) 546-2886,7773 Wrenfield Ave,Cobbleton,MD,31850,3,ACTIVE
83,Amanda,Sanchez,amanda.sanchez@example.com,(770) 574-2479,6564 Starling Way,Ashford Vale,MD,31814,2,ACTIVE
84,Amanda,Taylor,amanda.taylor@example.com,(798) 590-7086,1875 Mossgate Ln,Maple Crossing,MD,31044,2,ACTIVE
85,Emily,Lee,emily.lee@example.com,(824) 426-2035,7706 Cinderfield Ave,Foxglove Hollow,VA,41301,1,ACTIVE
86,David,Williams,david.williams@example.com,(238) 511-9071,2002 Wrenfield Ave,Maple Crossing,MD,31044,4,ACTIVE
87,Sandra,White,sandra.white@example.com,(886) 960-9850,6966 Larkspur Dr,Foxglove Hollow,VA,41301,3,INACTIVE
88,Carol,Miller,carol.miller@example.com,(701) 830-7686,4683 Starling Way,Foxglove Hollow,VA,41301,2,ACTIVE
89,Jessica,White,jessica.white@example.com,(301) 902-7018,9020 Cinderfield Ave,Stonegate,VA,41201,2,ACTIVE
90,Richard,Davis,richard.davis@example.com,(665) 293-4475,9883 Starling Way,Brightwater,MD,31204,3,ACTIVE
91,David,Torres,david.torres@example.com,(410) 270-4394,9707 Thistledown Rd,Winterhaven,PA,49102,4,ACTIVE
92,Elizabeth,Hill,elizabeth.hill@example.com,(202) 483-3370,2229 Whisperwind Way,Ashford Vale,MD,31814,3,ACTIVE
93,Mary,Rodriguez,mary.rodriguez@example.com,(215) 566-4898,9747 Brambleberry Blvd,Brightwater,MD,31204,1,ACTIVE
94,Deborah,Clark,deborah.clark@example.com,(738) 316-2041,7902 Silverpine Ave,Amberton,VA,43219,2,ACTIVE
95,Mark,Allen,mark.allen@example.com,(426) 829-1710,8643 Hollyoak St,Ravenscroft,MD,31401,3,ACTIVE
96,Donald,Sanchez,donald.sanchez@example.com,(636) 902-2768,8132 Ember Ridge Rd,Copperfield,PA,45222,2,INACTIVE
97,Christopher,Hill,christopher.hill@example.com,(351) 267-3067,4605 Larkspur Dr,Stonegate,VA,41201,2,ACTIVE
98,Matthew,Hill,matthew.hill@example.com,(743) 501-8433,8382 Larkspur Dr,Greenbriar Falls,MD,31701,1,ACTIVE
99,Carol,Scott,carol.scott@example.com,(938) 420-8046,7498 Cinderfield Ave,Maple Crossing,MD,31044,2,ACTIVE
100,Betty,Clark,betty.clark@example.com,(947) 297-6120,7092 Brambleberry Blvd,Stonegate,VA,41201,1,INACTIVE
101,Amanda,Walker,amanda.walker@example.com,(268) 293-2398,1627 Foxden Ct,Fernhollow,MD,31910,3,ACTIVE
102,David,Scott,david.scott@example.com,(261) 800-6400,2102 Foxden Ct,Thistlewood,MD,31877,4,INACTIVE
103,Margaret,Brown,margaret.brown@example.com,(494) 814-6119,5861 Wrenfield Ave,Havenport,DC,39001,2,ACTIVE
104,Donald,Anderson,donald.anderson@example.com,(310) 558-7022,1982 Quillfeather St,Ashford Vale,MD,31814,2,ACTIVE
105,Emily,Flores,emily.flores@example.com,(828) 891-1430,4481 Starling Way,Cobbleton,MD,31850,1,ACTIVE
106,Nancy,Thompson,nancy.thompson@example.com,(206) 385-3347,9378 Mossgate Ln,Greenbriar Falls,MD,31701,1,ACTIVE
107,Mary,Garcia,mary.garcia@example.com,(964) 743-4524,6263 Foxden Ct,Ravenscroft,MD,31401,1,ACTIVE
108,George,Lee,george.lee@example.com,(995) 781-2391,961 Copperleaf Ln,Cobbleton,MD,31850,3,ACTIVE
109,Jennifer,Moore,jennifer.moore@example.com,(653) 877-7947,8057 Larkspur Dr,Ravenscroft,MD,31401,2,ACTIVE
110,Steven,Davis,steven.davis@example.com,(553) 640-2816,4740 Mossgate Ln,Stonegate,VA,41201,2,ACTIVE
111,Karen,Williams,karen.williams@example.com,(425) 604-1897,225 Thistledown Rd,Ashford Vale,MD,31814,5,ACTIVE
112,Timothy,Taylor,timothy.taylor@example.com,(496) 535-2965,226 Silverpine Ave,Foxglove Hollow,VA,41301,2,ACTIVE
113,Andrew,Anderson,andrew.anderson@example.com,(712) 772-6802,1280 Foxden Ct,Winterhaven,PA,49102,3,ACTIVE
114,Sandra,Jones,sandra.jones@example.com,(520) 789-8033,9494 Foxden Ct,Foxglove Hollow,VA,41301,3,ACTIVE
115,Betty,Johnson,betty.johnson@example.com,(532) 375-8538,6028 Wrenfield Ave,Greenbriar Falls,MD,31701,4,ACTIVE
116,Donna,Sanchez,donna.sanchez@example.com,(736) 280-7484,5183 Ember Ridge Rd,Thistlewood,MD,31877,1,ACTIVE
117,John,Allen,john.allen@example.com,(848) 316-9693,8455 Thistledown Rd,Copperfield,PA,45222,3,ACTIVE
118,Carol,Martinez,carol.martinez@example.com,(441) 305-3399,4293 Thistledown Rd,Cobbleton,MD,31850,3,ACTIVE
119,Carol,Jones,carol.jones@example.com,(381) 991-9095,7701 Quillfeather St,Havenport,DC,39001,3,ACTIVE
120,Paul,Flores,paul.flores@example.com,(530) 842-6179,2573 Silverpine Ave,Fernhollow,MD,31910,2,ACTIVE
