TransactionID,CustomerID,TransactionDate,PaymentMethod,TotalAmount,DiscountAmount,TransactionStatus
1,69,2022-07-17,DEBIT CARD,32.67,3.63,COMPLETED
2,18,2023-01-26,MOBILE PAYMENT,164.04,0,COMPLETED
3,69,2025-02-22,MOBILE PAYMENT,387.37,43.04,COMPLETED
4,36,2025-07-19,MOBILE PAYMENT,143.91,0,COMPLETED
5,12,2024-06-02,CREDIT CARD,210.06,11.06,COMPLETED
6,101,2024-05-09,CREDIT CARD,47.79,2.52,COMPLETED
7,101,2023-03-03,CREDIT CARD,143.71,7.56,COMPLETED
8,55,2022-12-18,CREDIT CARD,125.96,0,COMPLETED
9,44,2023-02-11,DEBIT CARD,62.69,3.3,COMPLETED
10,95,2023-05-18,DEBIT CARD,51.1,2.69,COMPLETED
11,31,2023-09-23,CREDIT CARD,57.1,6.34,CANCELLED
12,35,2023-11-06,CASH,148.95,0,COMPLETED
13,102,2024-11-19,CASH,67.7,7.52,COMPLETED
14,58,2024-10-17,CASH,141.6,2.89,CANCELLED
15,81,2025-05-26,DEBIT CARD,104.39,11.6,COMPLETED
16,64,2023-10-27,DEBIT CARD,143.35,2.92,CANCELLED
17,111,2021-07-30,CASH,29,5.12,COMPLETED
18,116,2023-07-10,MOBILE PAYMENT,409.98,0,COMPLETED
19,88,2021-04-20,CREDIT CARD,40.12,0.82,COMPLETED
20,35,2025-09-15,CASH,74.54,0,COMPLETED
21,102,2023-08-26,CASH,230.53,25.62,COMPLETED
22,60,2024-01-29,MOBILE PAYMENT,93.7,0,COMPLETED
23,88,2024-08-01,CASH,16.06,0.33,COMPLETED
24,11,2024-07-18,DEBIT CARD,12.13,0,COMPLETED
25,52,2022-05-08,DEBIT CARD,77.55,1.58,COMPLETED
26,120,2025-05-30,GIFT CARD,333.38,6.81,COMPLETED
27,106,2025-03-11,CREDIT CARD,121.36,0,COMPLETED
28,10,2025-03-30,CREDIT CARD,118.96,13.22,COMPLETED
29,70,2025-07-20,CREDIT CARD,405.36,0,COMPLETED
30,72,2025-07-28,DEBIT CARD,691.09,14.1,COMPLETED
31,116,2021-09-12,CASH,113.16,0,COMPLETED
32,113,2023-10-16,CREDIT CARD,32.41,1.71,COMPLETED
33,25,2023-06-01,DEBIT CARD,219.23,0,COMPLETED
34,14,2023-07-03,DEBIT CARD,222.31,4.53,COMPLETED
35,52,2024-06-13,GIFT CARD,264.46,5.39,COMPLETED
36,6,2024-05-29,CASH,28.48,5.02,COMPLETED
37,58,2023-01-12,CREDIT CARD,117.65,2.41,COMPLETED
38,48,2021-10-09,DEBIT CARD,30.61,1.61,COMPLETED
39,12,2023-03-04,MOBILE PAYMENT,252.19,13.28,COMPLETED
40,41,2021-10-05,MOBILE PAYMENT,354.18,0,COMPLETED
41,4,2025-12-31,CREDIT CARD,127.04,2.6,COMPLETED
42,100,2025-06-07,DEBIT CARD,119.68,0,COMPLETED
43,20,2022-09-26,CREDIT CARD,232.87,0,COMPLETED
44,87,2021-06-01,DEBIT CARD,39.61,2.08,COMPLETED
45,70,2025-04-22,GIFT CARD,237.69,0,COMPLETED
46,12,2022-08-05,MOBILE PAYMENT,168.34,8.86,COMPLETED
47,27,2021-07-11,DEBIT CARD,483.44,25.44,COMPLETED
48,25,2021-04-04,MOBILE PAYMENT,40.04,0,COMPLETED
49,88,2024-06-19,DEBIT CARD,65.8,1.34,COMPLETED
50,108,2023-04-12,CREDIT CARD,71.46,3.76,COMPLETED
51,103,2022-02-22,CREDIT CARD,208.54,4.25,COMPLETED
52,19,2022-05-11,DEBIT CARD,38.05,0.78,COMPLETED
53,65,2025-11-05,DEBIT CARD,284.23,5.81,COMPLETED
54,9,2023-08-15,DEBIT CARD,38.59,2.03,COMPLETED
55,100,2022-03-17,DEBIT CARD,165.96,0,COMPLETED
56,90,2024-10-09,DEBIT CARD,123.16,6.47,COMPLETED
57,83,2021-04-15,DEBIT CARD,182.98,3.74,COMPLETED
58,2,2025-08-18,GIFT CARD,38.05,0.78,COMPLETED
59,69,2022-11-26,DEBIT CARD,79.24,8.8,COMPLETED
60,120,2021-03-24,CREDIT CARD,44.38,0.91,COMPLETED
61,60,2024-05-26,MOBILE PAYMENT,390.36,0,COMPLETED
62,27,2023-10-01,CASH,154.76,8.15,COMPLETED
63,119,2025-11-22,CASH,54.52,2.87,COMPLETED
64,109,2021-12-16,DEBIT CARD,195.26,3.98,COMPLETED
65,11,2023-06-23,CREDIT CARD,262.07,0,COMPLETED
66,43,2025-10-04,CASH,17.02,3,COMPLETED
67,92,2023-09-07,DEBIT CARD,52.64,2.77,COMPLETED
68,52,2024-10-16,CASH,123.35,2.52,COMPLETED
69,2,2024-02-17,CREDIT CARD,374.08,7.64,REFUNDED
70,3,2021-09-07,DEBIT CARD,237.19,4.83,COMPLETED
71,51,2023-06-25,CASH,54.3,1.11,COMPLETED
72,44,2024-11-26,CREDIT CARD,55.87,2.95,COMPLETED
73,17,2021-07-25,DEBIT CARD,36.54,0,COMPLETED
74,42,2021-11-20,DEBIT CARD,355.95,18.73,REFUNDED
75,30,2024-08-28,DEBIT CARD,304.79,0,COMPLETED
76,115,2023-03-25,CASH,179.2,19.91,COMPLETED
77,28,2022-08-06,DEBIT CARD,49.19,1,COMPLETED
78,39,2022-11-09,CREDIT CARD,11.39,0,COMPLETED
79,38,2025-06-08,CREDIT CARD,62.33,1.27,COMPLETED
80,56,2023-04-11,MOBILE PAYMENT,33.01,5.82,COMPLETED
81,49,2023-09-05,CREDIT CARD,16.75,0,COMPLETED
82,116,2022-11-07,CREDIT CARD,26.28,0,COMPLETED
83,18,2024-09-29,CREDIT CARD,34.24,0,COMPLETED
84,4,2023-01-23,DEBIT CARD,61.97,1.26,COMPLETED
85,71,2023-02-05,DEBIT CARD,207.48,10.92,COMPLETED
86,66,2025-11-24,CASH,142.75,7.51,COMPLETED
87,102,2024-01-27,MOBILE PAYMENT,229.38,25.49,COMPLETED
88,108,2022-02-25,CASH,117.56,6.19,COMPLETED
89,44,2023-08-05,CASH,41.21,2.17,COMPLETED
90,22,2022-03-23,DEBIT CARD,220.4,24.49,COMPLETED
91,18,2021-05-22,GIFT CARD,22.78,0,COMPLETED
92,31,2024-08-06,GIFT CARD,210.98,23.44,COMPLETED
93,64,2021-06-14,CASH,96.86,1.97,COMPLETED
94,24,2021-09-18,CASH,55.55,2.92,COMPLETED
95,103,2024-10-11,CASH,82.26,1.67,COMPLETED
96,74,2025-11-28,CASH,92.54,0,COMPLETED
97,97,2024-05-09,CASH,96.33,1.97,COMPLETED
98,98,2024-01-11,CREDIT CARD,40.95,0,COMPLETED
99,98,2025-07-29,MOBILE PAYMENT,114.62,0,COMPLETED
100,92,2023-12-04,CREDIT CARD,33.21,1.75,COMPLETED
101,59,2021-12-25,DEBIT CARD,147.26,25.98,COMPLETED
102,88,2023-04-17,CREDIT CARD,266.43,5.44,COMPLETED
103,68,2021-04-29,DEBIT CARD,63.31,11.17,CANCELLED
104,87,2021-06-11,MOBILE PAYMENT,232.27,12.23,COMPLETED
105,64,2024-10-11,DEBIT CARD,34.26,0.7,COMPLETED
106,44,2022-03-21,DEBIT CARD,29.4,1.55,COMPLETED
107,74,2025-02-27,CREDIT CARD,111.52,0,CANCELLED
108,100,2024-02-05,CREDIT CARD,76.56,0,COMPLETED
109,112,2023-08-13,CREDIT CARD,122.74,2.5,CANCELLED
110,45,2025-11-05,CREDIT CARD,15.79,0.83,COMPLETED
111,88,2022-08-28,CREDIT CARD,59.7,1.21,COMPLETED
112,38,2022-06-12,CASH,166.4,3.39,COMPLETED
113,37,2023-09-28,CREDIT CARD,399.95,21.05,COMPLETED
114,115,2024-07-15,CREDIT CARD,12.28,1.37,COMPLETED
115,18,2024-06-19,DEBIT CARD,107.12,0,REFUNDED
116,3,2021-02-05,DEBIT CARD,153.43,3.13,COMPLETED
117,100,2022-01-29,DEBIT CARD,57.68,0,COMPLETED
118,45,2022-05-14,GIFT CARD,87.02,4.58,COMPLETED
119,42,2023-09-02,CREDIT CARD,31.14,1.64,COMPLETED
120,87,2025-05-26,CREDIT CARD,494.52,26.03,CANCELLED
121,75,2021-06-02,CASH,217.25,38.33,COMPLETED
122,80,2024-04-17,CREDIT CARD,279.95,0,COMPLETED
123,101,2024-01-13,CREDIT CARD,16.21,0.85,COMPLETED
124,51,2021-04-20,CREDIT CARD,172.56,3.52,COMPLETED
125,66,2023-03-24,GIFT CARD,92.21,4.86,COMPLETED
126,64,2023-06-04,CREDIT CARD,128.95,2.63,COMPLETED
127,25,2022-07-03,CREDIT CARD,143.16,0,COMPLETED
128,14,2023-06-30,CREDIT CARD,11.16,0.23,COMPLETED
129,44,2024-02-11,DEBIT CARD,39.61,2.08,COMPLETED
130,66,2025-05-26,CREDIT CARD,72.09,3.79,COMPLETED
131,119,2024-02-20,MOBILE PAYMENT,82.89,4.37,CANCELLED
132,116,2023-10-07,CREDIT CARD,17.71,0,COMPLETED
133,23,2023-01-10,CREDIT CARD,114.78,0,COMPLETED
134,7,2021-01-14,MOBILE PAYMENT,196.73,4.02,COMPLETED
135,40,2024-08-26,GIFT CARD,80.36,14.18,COMPLETED
136,67,2023-03-27,GIFT CARD,90.31,0,COMPLETED
137,2,2025-07-31,CASH,499.33,10.19,COMPLETED
138,117,2022-03-06,DEBIT CARD,120.6,6.35,COMPLETED
139,106,2024-09-10,CREDIT CARD,155.28,0,COMPLETED
140,120,2025-11-17,CASH,229.82,4.69,COMPLETED
141,92,2024-09-23,CREDIT CARD,72.19,3.8,COMPLETED
142,28,2025-06-19,DEBIT CARD,57.09,1.17,COMPLETED
143,44,2024-04-03,CASH,85.58,4.5,COMPLETED
144,13,2023-09-16,CREDIT CARD,228.82,0,COMPLETED
145,35,2023-06-17,CASH,196.6,0,COMPLETED
146,39,2021-02-16,MOBILE PAYMENT,90.24,0,COMPLETED
147,28,2024-02-21,DEBIT CARD,63.75,1.3,COMPLETED
148,54,2023-05-30,CREDIT CARD,232.65,12.24,COMPLETED
149,76,2025-11-21,DEBIT CARD,18.43,2.05,COMPLETED
150,40,2023-09-30,DEBIT CARD,61.56,10.86,COMPLETED
151,6,2023-07-27,DEBIT CARD,56.94,10.05,COMPLETED
152,14,2021-08-28,CREDIT CARD,121.74,2.49,COMPLETED
153,70,2023-09-24,DEBIT CARD,49.57,0,COMPLETED
154,70,2022-10-07,MOBILE PAYMENT,92.26,0,COMPLETED
155,90,2023-10-11,DEBIT CARD,244.14,12.85,COMPLETED
156,4,2021-03-08,CREDIT CARD,40.92,0.83,COMPLETED
157,31,2025-04-18,DEBIT CARD,193.67,21.52,COMPLETED
158,91,2025-03-30,CREDIT CARD,131.05,14.57,COMPLETED
159,105,2022-09-02,MOBILE PAYMENT,49.26,0,COMPLETED
160,41,2025-05-08,MOBILE PAYMENT,126.17,0,COMPLETED
161,80,2025-07-08,CREDIT CARD,55.41,0,COMPLETED
162,117,2022-08-23,CREDIT CARD,424.87,22.36,COMPLETED
163,47,2024-12-07,MOBILE PAYMENT,77.13,0,COMPLETED
164,64,2023-07-15,CREDIT CARD,239.54,4.89,COMPLETED
165,110,2022-11-02,DEBIT CARD,246.61,5.03,COMPLETED
166,89,2025-08-17,CREDIT CARD,201.15,4.11,COMPLETED
167,56,2024-10-29,CASH,68.62,12.11,COMPLETED
168,96,2023-07-24,CREDIT CARD,42.12,0.86,REFUNDED
169,7,2021-11-22,MOBILE PAYMENT,12.88,0.26,COMPLETED
170,63,2024-09-22,MOBILE PAYMENT,77.55,1.58,COMPLETED
171,35,2021-01-03,CREDIT CARD,199.83,0,COMPLETED
172,86,2021-09-04,GIFT CARD,99.76,11.08,COMPLETED
173,30,2025-02-05,MOBILE PAYMENT,90.79,0,COMPLETED
174,43,2021-09-30,DEBIT CARD,77.09,13.61,COMPLETED
175,90,2021-12-03,DEBIT CARD,165.1,8.69,COMPLETED
176,85,2021-06-27,MOBILE PAYMENT,37.94,0,COMPLETED
177,89,2022-10-07,CASH,93.22,1.9,COMPLETED
178,3,2025-05-15,MOBILE PAYMENT,85.38,1.74,COMPLETED
179,87,2021-04-22,CASH,36.04,1.9,COMPLETED
180,112,2024-07-30,DEBIT CARD,224.29,4.58,COMPLETED
181,29,2023-08-23,GIFT CARD,220.4,24.49,COMPLETED
182,85,2021-03-23,MOBILE PAYMENT,167.55,0,REFUNDED
183,83,2021-06-18,DEBIT CARD,16.72,0.34,COMPLETED
184,9,2022-02-21,GIFT CARD,16.61,0.87,COMPLETED
185,102,2024-08-23,CASH,41.26,4.59,COMPLETED
186,39,2023-07-18,DEBIT CARD,48.55,0,COMPLETED
187,5,2021-12-02,DEBIT CARD,187.47,0,COMPLETED
188,43,2022-07-05,CASH,203.52,35.92,COMPLETED
189,79,2021-06-07,DEBIT CARD,86.16,4.54,COMPLETED
190,61,2022-06-07,CASH,113.15,0,COMPLETED
191,32,2025-11-03,CREDIT CARD,215.57,38.04,COMPLETED
192,42,2025-07-03,MOBILE PAYMENT,115.29,6.06,COMPLETED
193,116,2025-08-19,CREDIT CARD,45.54,0,COMPLETED
194,16,2023-04-02,CREDIT CARD,6.94,0,COMPLETED
195,42,2023-07-25,CREDIT CARD,49.19,2.59,COMPLETED
196,112,2025-05-02,CASH,73.48,1.49,COMPLETED
197,98,2024-01-15,CREDIT CARD,124.28,0,COMPLETED
198,24,2022-05-03,DEBIT CARD,660.84,34.78,CANCELLED
199,63,2023-07-28,GIFT CARD,35.81,0.73,COMPLETED
200,72,2021-06-03,DEBIT CARD,53.89,1.1,COMPLETED
201,75,2025-06-29,CREDIT CARD,61.46,10.84,COMPLETED
202,23,2022-02-20,CREDIT CARD,60.68,0,COMPLETED
203,103,2022-10-06,DEBIT CARD,168.42,3.44,COMPLETED
204,91,2024-12-14,CASH,381.37,42.37,COMPLETED
205,17,2024-10-18,CREDIT CARD,50.66,0,COMPLETED
206,44,2025-03-13,DEBIT CARD,34.71,1.83,COMPLETED
207,18,2025-08-28,CASH,25.33,0,COMPLETED
208,79,2024-08-13,CREDIT CARD,836.5,44.02,COMPLETED
209,102,2025-07-15,CREDIT CARD,144.04,16,COMPLETED
210,112,2021-03-02,CREDIT CARD,276.76,5.65,COMPLETED
211,15,2024-06-11,DEBIT CARD,221.12,0,COMPLETED
212,109,2021-05-05,CREDIT CARD,87.68,1.79,COMPLETED
213,69,2021-02-09,GIFT CARD,109.76,12.2,COMPLETED
214,21,2023-03-07,CREDIT CARD,426.93,8.71,COMPLETED
215,24,2023-01-03,CASH,203.12,10.69,CANCELLED
216,93,2024-03-25,MOBILE PAYMENT,65.46,0,COMPLETED
217,114,2023-01-05,MOBILE PAYMENT,982.35,51.71,COMPLETED
218,37,2022-09-25,CREDIT CARD,83.64,4.4,COMPLETED
219,24,2023-09-06,CREDIT CARD,20.42,1.07,REFUNDED
220,67,2025-07-02,MOBILE PAYMENT,34.96,0,COMPLETED
221,55,2025-05-05,CREDIT CARD,269.44,0,COMPLETED
222,54,2021-07-26,CREDIT CARD,278.59,14.66,COMPLETED
223,52,2022-04-03,CASH,52.15,1.06,COMPLETED
224,114,2024-03-19,CREDIT CARD,428.5,22.55,CANCELLED
225,111,2023-10-14,CREDIT CARD,89.44,15.78,COMPLETED
226,53,2021-07-01,MOBILE PAYMENT,130.53,23.03,COMPLETED
227,106,2025-05-31,CREDIT CARD,161,0,COMPLETED
228,64,2022-12-21,DEBIT CARD,134.56,2.75,COMPLETED
229,6,2021-03-10,CREDIT CARD,351.02,61.94,COMPLETED
230,38,2024-05-01,GIFT CARD,188.77,3.85,COMPLETED
231,80,2022-01-25,DEBIT CARD,240.03,0,COMPLETED
232,60,2021-04-22,CREDIT CARD,82.98,0,COMPLETED
233,35,2021-02-22,CREDIT CARD,133.81,0,COMPLETED
234,65,2022-01-14,CREDIT CARD,96.33,1.97,COMPLETED
235,103,2022-06-24,CREDIT CARD,38.05,0.78,COMPLETED
236,51,2025-07-14,DEBIT CARD,100.72,2.06,CANCELLED
237,88,2024-01-02,CASH,60.79,1.25,REFUNDED
238,32,2025-01-02,CREDIT CARD,121.53,21.45,COMPLETED
239,97,2021-12-21,MOBILE PAYMENT,239.61,4.89,COMPLETED
240,89,2021-06-10,GIFT CARD,552.11,11.26,COMPLETED
241,72,2024-02-05,CREDIT CARD,97.11,1.98,COMPLETED
242,39,2023-04-29,CREDIT CARD,99.51,0,COMPLETED
243,3,2025-11-12,DEBIT CARD,61.45,1.26,COMPLETED
244,67,2022-07-19,DEBIT CARD,174.41,0,COMPLETED
245,113,2022-05-02,CREDIT CARD,22.69,1.19,COMPLETED
246,86,2025-06-14,CREDIT CARD,229.86,25.54,COMPLETED
247,96,2025-05-05,MOBILE PAYMENT,767.1,15.66,COMPLETED
248,84,2025-02-26,DEBIT CARD,47.56,0.97,COMPLETED
249,117,2023-11-04,DEBIT CARD,141.47,7.45,COMPLETED
250,78,2025-09-11,CREDIT CARD,26.28,0,COMPLETED
