TransactionDetailID,TransactionID,ProductID,Quantity,UnitPrice,DiscountAmount,LineTotal
1,1,60,1,36.3,3.63,32.67
2,2,12,1,49.26,0,49.26
3,2,79,1,31.8,0,31.8
4,2,77,1,82.98,0,82.98
5,3,25,1,244.5,24.45,220.05
6,3,42,1,97.87,9.79,88.08
7,3,78,1,88.04,8.8,79.24
8,4,65,1,13.65,0,13.65
9,4,23,1,31.96,0,31.96
10,4,6,1,98.3,0,98.3
11,5,53,2,110.56,11.06,210.06
12,6,43,1,50.31,2.52,47.79
13,7,78,1,88.04,4.4,83.64
14,7,20,1,63.23,3.16,60.07
15,8,17,2,21.49,0,42.98
16,8,77,1,82.98,0,82.98
17,9,68,1,65.99,3.3,62.69
18,10,28,1,53.79,2.69,51.1
19,11,38,2,31.72,6.34,57.1
20,12,5,1,74.54,0,74.54
21,12,44,1,40.34,0,40.34
22,12,80,1,34.07,0,34.07
23,13,57,1,75.22,7.52,67.7
24,14,58,1,72.3,1.45,70.85
25,14,30,1,72.19,1.44,70.75
26,15,74,1,40.77,4.08,36.69
27,15,57,1,75.22,7.52,67.7
28,16,78,1,88.04,1.76,86.28
29,16,18,1,36.54,0.73,35.81
30,16,33,1,21.69,0.43,21.26
31,17,11,2,17.06,5.12,29
32,18,29,2,96.54,0,193.08
33,18,58,3,72.3,0,216.9
34,19,11,1,17.06,0.34,16.72
35,19,48,1,23.88,0.48,23.4
36,20,5,1,74.54,0,74.54
37,21,58,3,72.3,21.69,195.21
38,21,79,1,31.8,3.18,28.62
39,21,1,1,7.45,0.75,6.7
40,22,37,1,76.95,0,76.95
41,22,31,1,16.75,0,16.75
42,23,64,1,16.39,0.33,16.06
43,24,55,1,12.13,0,12.13
44,25,68,1,65.99,1.32,64.67
45,25,47,1,13.14,0.26,12.88
46,26,61,1,45.29,0.91,44.38
47,26,6,3,98.3,5.9,289
48,27,14,2,60.68,0,121.36
49,28,23,3,31.96,9.59,86.29
50,28,60,1,36.3,3.63,32.67
51,29,5,2,74.54,0,149.08
52,29,38,2,31.72,0,63.44
53,29,26,1,94.54,0,94.54
54,29,6,1,98.3,0,98.3
55,30,25,2,244.5,9.78,479.22
56,30,37,1,76.95,1.54,75.41
57,30,46,2,69.62,2.78,136.46
58,31,57,1,75.22,0,75.22
59,31,50,1,37.94,0,37.94
60,32,11,2,17.06,1.71,32.41
61,33,42,1,97.87,0,97.87
62,33,14,2,60.68,0,121.36
63,34,45,1,82.24,1.64,80.6
64,34,58,2,72.3,2.89,141.71
65,35,8,1,9.7,0.19,9.51
66,35,10,2,110.84,4.43,217.25
67,35,52,1,25.33,0.51,24.82
68,35,47,1,13.14,0.26,12.88
69,36,31,2,16.75,5.02,28.48
70,37,58,1,72.3,1.45,70.85
71,37,48,2,23.88,0.96,46.8
72,38,32,1,11.74,0.59,11.15
73,38,15,1,20.48,1.02,19.46
74,39,58,1,72.3,3.62,68.68
75,39,28,3,53.79,8.07,153.3
76,39,79,1,31.8,1.59,30.21
77,40,57,2,75.22,0,150.44
78,40,12,2,49.26,0,98.52
79,40,41,1,105.22,0,105.22
80,41,23,1,31.96,0.64,31.32
81,41,47,3,13.14,0.79,38.63
82,41,66,2,29.13,1.17,57.09
83,42,60,1,36.3,0,36.3
84,42,71,2,41.69,0,83.38
85,43,53,1,110.56,0,110.56
86,43,74,3,40.77,0,122.31
87,44,71,1,41.69,2.08,39.61
88,45,8,1,9.7,0,9.7
89,45,16,1,16.59,0,16.59
90,45,67,3,49.39,0,148.17
91,45,20,1,63.23,0,63.23
92,46,71,1,41.69,2.08,39.61
93,46,36,1,135.51,6.78,128.73
94,47,20,1,63.23,3.16,60.07
95,47,22,3,78.5,11.78,223.72
96,47,80,1,34.07,1.7,32.37
97,47,78,2,88.04,8.8,167.28
98,48,27,2,20.02,0,40.04
99,49,38,1,31.72,0.63,31.09
100,49,39,2,17.71,0.71,34.71
101,50,57,1,75.22,3.76,71.46
102,51,41,1,105.22,2.1,103.12
103,51,45,1,82.24,1.64,80.6
104,51,52,1,25.33,0.51,24.82
105,52,13,1,38.83,0.78,38.05
106,53,21,2,75.7,3.03,148.37
107,53,42,1,97.87,1.96,95.91
108,53,74,1,40.77,0.82,39.95
109,54,51,1,40.62,2.03,38.59
110,55,77,2,82.98,0,165.96
111,56,56,2,13.04,1.3,24.78
112,56,18,2,36.54,3.65,69.43
113,56,34,1,30.47,1.52,28.95
114,57,10,1,110.84,2.22,108.62
115,57,50,2,37.94,1.52,74.36
116,58,13,1,38.83,0.78,38.05
117,59,78,1,88.04,8.8,79.24
118,60,61,1,45.29,0.91,44.38
119,61,41,2,105.22,0,210.44
120,61,21,1,75.7,0,75.7
121,61,51,1,40.62,0,40.62
122,61,79,2,31.8,0,63.6
123,62,48,3,23.88,3.58,68.06
124,62,43,1,50.31,2.52,47.79
125,62,15,2,20.48,2.05,38.91
126,63,75,1,16.62,0.83,15.79
127,63,74,1,40.77,2.04,38.73
128,64,49,1,8.76,0.18,8.58
129,64,19,3,59.58,3.57,175.17
130,64,32,1,11.74,0.23,11.51
131,65,53,2,110.56,0,221.12
132,65,65,3,13.65,0,40.95
133,66,27,1,20.02,3,17.02
134,67,69,1,55.41,2.77,52.64
135,68,34,1,30.47,0.61,29.86
136,68,79,3,31.8,1.91,93.49
137,69,37,1,76.95,1.54,75.41
138,69,27,1,20.02,0.4,19.62
139,69,63,3,24.77,1.49,72.82
140,69,41,2,105.22,4.21,206.23
141,70,51,1,40.62,0.81,39.81
142,70,45,1,82.24,1.64,80.6
143,70,19,2,59.58,2.38,116.78
144,71,69,1,55.41,1.11,54.3
145,72,31,2,16.75,1.68,31.82
146,72,32,1,11.74,0.59,11.15
147,72,7,1,13.58,0.68,12.9
148,73,18,1,36.54,0,36.54
149,74,62,1,49.29,2.46,46.83
150,74,26,1,94.54,4.73,89.81
151,74,37,3,76.95,11.54,219.31
152,75,5,2,74.54,0,149.08
153,75,23,1,31.96,0,31.96
154,75,54,3,41.25,0,123.75
155,76,38,1,31.72,3.17,28.55
156,76,5,1,74.54,7.45,67.09
157,76,2,3,30.95,9.29,83.56
158,77,18,1,36.54,0.73,35.81
159,77,65,1,13.65,0.27,13.38
160,78,24,1,11.39,0,11.39
161,79,79,2,31.8,1.27,62.33
162,80,13,1,38.83,5.82,33.01
163,81,31,1,16.75,0,16.75
164,82,47,2,13.14,0,26.28
165,83,65,2,13.65,0,27.3
166,83,40,1,6.94,0,6.94
167,84,20,1,63.23,1.26,61.97
168,85,69,2,55.41,5.54,105.28
169,85,28,2,53.79,5.38,102.2
170,86,47,3,13.14,1.97,37.45
171,86,10,1,110.84,5.54,105.3
172,87,22,2,78.5,15.7,141.3
173,87,42,1,97.87,9.79,88.08
174,88,58,1,72.3,3.62,68.68
175,88,8,1,9.7,0.48,9.22
176,88,59,1,41.75,2.09,39.66
177,89,33,2,21.69,2.17,41.21
178,90,9,1,244.89,24.49,220.4
179,91,24,2,11.39,0,22.78
180,92,49,2,8.76,1.75,15.77
181,92,58,3,72.3,21.69,195.21
182,93,45,1,82.24,1.64,80.6
183,93,16,1,16.59,0.33,16.26
184,94,3,3,19.49,2.92,55.55
185,95,30,1,72.19,1.44,70.75
186,95,32,1,11.74,0.23,11.51
187,96,54,1,41.25,0,41.25
188,96,79,1,31.8,0,31.8
189,96,3,1,19.49,0,19.49
190,97,6,1,98.3,1.97,96.33
191,98,65,3,13.65,0,40.95
192,99,42,1,97.87,0,97.87
193,99,31,1,16.75,0,16.75
194,100,76,2,17.48,1.75,33.21
195,101,45,2,82.24,24.67,139.81
196,101,49,1,8.76,1.31,7.45
197,102,61,1,45.29,0.91,44.38
198,102,31,2,16.75,0.67,32.83
199,102,29,2,96.54,3.86,189.22
200,103,18,1,36.54,5.48,31.06
201,103,50,1,37.94,5.69,32.25
202,104,25,1,244.5,12.23,232.27
203,105,76,2,17.48,0.7,34.26
204,106,2,1,30.95,1.55,29.4
205,107,32,2,11.74,0,23.48
206,107,78,1,88.04,0,88.04
207,108,46,1,69.62,0,69.62
208,108,40,1,6.94,0,6.94
209,109,41,1,105.22,2.1,103.12
210,109,27,1,20.02,0.4,19.62
211,110,75,1,16.62,0.83,15.79
212,111,32,1,11.74,0.23,11.51
213,111,64,3,16.39,0.98,48.19
214,112,63,2,24.77,0.99,48.55
215,112,59,1,41.75,0.83,40.92
216,112,22,1,78.5,1.57,76.93
217,113,8,3,9.7,1.46,27.64
218,113,68,2,65.99,6.6,125.38
219,113,5,2,74.54,7.45,141.63
220,113,10,1,110.84,5.54,105.3
221,114,65,1,13.65,1.37,12.28
222,115,63,1,24.77,0,24.77
223,115,3,1,19.49,0,19.49
224,115,1,1,7.45,0,7.45
225,115,69,1,55.41,0,55.41
226,116,23,3,31.96,1.92,93.96
227,116,14,1,60.68,1.21,59.47
228,117,51,1,40.62,0,40.62
229,117,11,1,17.06,0,17.06
230,118,11,1,17.06,0.85,16.21
231,118,5,1,74.54,3.73,70.81
232,119,64,2,16.39,1.64,31.14
233,120,68,3,65.99,9.9,188.07
234,120,6,2,98.3,9.83,186.77
235,120,30,1,72.19,3.61,68.58
236,120,28,1,53.79,2.69,51.1
237,121,5,3,74.54,33.54,190.08
238,121,23,1,31.96,4.79,27.17
239,122,10,1,110.84,0,110.84
240,122,39,1,17.71,0,17.71
241,122,21,2,75.7,0,151.4
242,123,11,1,17.06,0.85,16.21
243,124,78,2,88.04,3.52,172.56
244,125,58,1,72.3,3.62,68.68
245,125,63,1,24.77,1.24,23.53
246,126,80,2,34.07,1.36,66.78
247,126,38,2,31.72,1.27,62.17
248,127,50,1,37.94,0,37.94
249,127,41,1,105.22,0,105.22
250,128,24,1,11.39,0.23,11.16
251,129,71,1,41.69,2.08,39.61
252,130,50,2,37.94,3.79,72.09
253,131,22,1,78.5,3.93,74.57
254,131,49,1,8.76,0.44,8.32
255,132,39,1,17.71,0,17.71
256,133,77,1,82.98,0,82.98
257,133,79,1,31.8,0,31.8
258,134,43,1,50.31,1.01,49.3
259,134,57,2,75.22,3.01,147.43
260,135,26,1,94.54,14.18,80.36
261,136,63,2,24.77,0,49.54
262,136,74,1,40.77,0,40.77
263,137,26,2,94.54,3.78,185.3
264,137,76,1,17.48,0.35,17.13
265,137,70,3,97.19,5.83,285.74
266,137,24,1,11.39,0.23,11.16
267,138,53,1,110.56,5.53,105.03
268,138,64,1,16.39,0.82,15.57
269,139,58,1,72.3,0,72.3
270,139,77,1,82.98,0,82.98
271,140,47,1,13.14,0.26,12.88
272,140,69,1,55.41,1.11,54.3
273,140,77,2,82.98,3.32,162.64
274,141,52,3,25.33,3.8,72.19
275,142,66,2,29.13,1.17,57.09
276,143,60,2,36.3,3.63,68.97
277,143,76,1,17.48,0.87,16.61
278,144,15,1,20.48,0,20.48
279,144,19,2,59.58,0,119.16
280,144,45,1,82.24,0,82.24
281,144,40,1,6.94,0,6.94
282,145,6,2,98.3,0,196.6
283,146,22,1,78.5,0,78.5
284,146,32,1,11.74,0,11.74
285,147,24,1,11.39,0.23,11.16
286,147,56,1,13.04,0.26,12.78
287,147,51,1,40.62,0.81,39.81
288,148,9,1,244.89,12.24,232.65
289,149,15,1,20.48,2.05,18.43
290,150,79,1,31.8,4.77,27.03
291,150,51,1,40.62,6.09,34.53
292,151,39,1,17.71,2.66,15.05
293,151,79,1,31.8,4.77,27.03
294,151,76,1,17.48,2.62,14.86
295,152,54,1,41.25,0.83,40.42
296,152,77,1,82.98,1.66,81.32
297,153,23,1,31.96,0,31.96
298,153,72,1,17.61,0,17.61
299,154,2,1,30.95,0,30.95
300,154,63,1,24.77,0,24.77
301,154,18,1,36.54,0,36.54
302,155,57,1,75.22,3.76,71.46
303,155,63,1,24.77,1.24,23.53
304,155,22,2,78.5,7.85,149.15
305,156,59,1,41.75,0.83,40.92
306,157,35,2,59,11.8,106.2
307,157,70,1,97.19,9.72,87.47
308,158,55,2,12.13,2.43,21.83
309,158,14,2,60.68,12.14,109.22
310,159,12,1,49.26,0,49.26
311,160,45,1,82.24,0,82.24
312,160,79,1,31.8,0,31.8
313,160,55,1,12.13,0,12.13
314,161,69,1,55.41,0,55.41
315,162,13,3,38.83,5.82,110.67
316,162,18,3,36.54,5.48,104.14
317,162,53,2,110.56,11.06,210.06
318,163,32,1,11.74,0,11.74
319,163,51,1,40.62,0,40.62
320,163,63,1,24.77,0,24.77
321,164,52,2,25.33,1.01,49.65
322,164,66,2,29.13,1.17,57.09
323,164,36,1,135.51,2.71,132.8
324,165,12,2,49.26,1.97,96.55
325,165,59,2,41.75,1.67,81.83
326,165,46,1,69.62,1.39,68.23
327,166,44,1,40.34,0.81,39.53
328,166,71,2,41.69,1.67,81.71
329,166,74,2,40.77,1.63,79.91
330,167,59,1,41.75,6.26,35.49
331,167,3,2,19.49,5.85,33.13
332,168,17,2,21.49,0.86,42.12
333,169,47,1,13.14,0.26,12.88
334,170,40,1,6.94,0.14,6.8
335,170,30,1,72.19,1.44,70.75
336,171,67,1,49.39,0,49.39
337,171,57,2,75.22,0,150.44
338,172,10,1,110.84,11.08,99.76
339,173,39,1,17.71,0,17.71
340,173,18,2,36.54,0,73.08
341,174,73,1,90.7,13.61,77.09
342,175,20,1,63.23,3.16,60.07
343,175,53,1,110.56,5.53,105.03
344,176,50,1,37.94,0,37.94
345,177,32,1,11.74,0.23,11.51
346,177,71,2,41.69,1.67,81.71
347,178,39,1,17.71,0.35,17.36
348,178,27,1,20.02,0.4,19.62
349,178,67,1,49.39,0.99,48.4
350,179,50,1,37.94,1.9,36.04
351,180,47,2,13.14,0.53,25.75
352,180,41,1,105.22,2.1,103.12
353,180,17,1,21.49,0.43,21.06
354,180,50,2,37.94,1.52,74.36
355,181,9,1,244.89,24.49,220.4
356,182,37,2,76.95,0,153.9
357,182,65,1,13.65,0,13.65
358,183,11,1,17.06,0.34,16.72
359,184,76,1,17.48,0.87,16.61
360,185,31,1,16.75,1.68,15.07
361,185,8,3,9.7,2.91,26.19
362,186,23,1,31.96,0,31.96
363,186,16,1,16.59,0,16.59
364,187,34,1,30.47,0,30.47
365,187,22,2,78.5,0,157
366,188,43,1,50.31,7.55,42.76
367,188,55,1,12.13,1.82,10.31
368,188,35,3,59,26.55,150.45
369,189,73,1,90.7,4.54,86.16
370,190,15,2,20.48,0,40.96
371,190,30,1,72.19,0,72.19
372,191,20,3,63.23,28.45,161.24
373,191,23,2,31.96,9.59,54.33
374,192,42,1,97.87,4.89,92.98
375,192,32,2,11.74,1.17,22.31
376,193,7,1,13.58,0,13.58
377,193,23,1,31.96,0,31.96
378,194,40,1,6.94,0,6.94
379,195,39,1,17.71,0.89,16.82
380,195,80,1,34.07,1.7,32.37
381,196,32,1,11.74,0.23,11.51
382,196,20,1,63.23,1.26,61.97
383,197,43,2,50.31,0,100.62
384,197,1,2,7.45,0,14.9
385,197,49,1,8.76,0,8.76
386,198,19,3,59.58,8.94,169.8
387,198,36,2,135.51,13.55,257.47
388,198,12,1,49.26,2.46,46.8
389,198,6,2,98.3,9.83,186.77
390,199,18,1,36.54,0.73,35.81
391,200,17,1,21.49,0.43,21.06
392,200,31,2,16.75,0.67,32.83
393,201,58,1,72.3,10.84,61.46
394,202,14,1,60.68,0,60.68
395,203,27,1,20.02,0.4,19.62
396,203,58,1,72.3,1.45,70.85
397,203,40,1,6.94,0.14,6.8
398,203,60,2,36.3,1.45,71.15
399,204,42,2,97.87,19.57,176.17
400,204,19,3,59.58,17.87,160.87
401,204,12,1,49.26,4.93,44.33
402,205,52,2,25.33,0,50.66
403,206,18,1,36.54,1.83,34.71
404,207,52,1,25.33,0,25.33
405,208,10,3,110.84,16.63,315.89
406,208,3,1,19.49,0.97,18.52
407,208,9,1,244.89,12.24,232.65
408,208,26,3,94.54,14.18,269.44
409,209,22,1,78.5,7.85,70.65
410,209,74,2,40.77,8.15,73.39
411,210,24,1,11.39,0.23,11.16
412,210,36,2,135.51,5.42,265.6
413,211,53,2,110.56,0,221.12
414,212,68,1,65.99,1.32,64.67
415,212,32,2,11.74,0.47,23.01
416,213,70,1,97.19,9.72,87.47
417,213,63,1,24.77,2.48,22.29
418,214,4,1,29.11,0.58,28.53
419,214,36,3,135.51,8.13,398.4
420,215,13,1,38.83,1.94,36.89
421,215,32,2,11.74,1.17,22.31
422,215,31,2,16.75,1.68,31.82
423,215,35,2,59,5.9,112.1
424,216,23,1,31.96,0,31.96
425,216,31,2,16.75,0,33.5
426,217,73,2,90.7,9.07,172.33
427,217,19,2,59.58,5.96,113.2
428,217,25,3,244.5,36.68,696.82
429,218,78,1,88.04,4.4,83.64
430,219,17,1,21.49,1.07,20.42
431,220,76,2,17.48,0,34.96
432,221,10,2,110.84,0,221.68
433,221,48,2,23.88,0,47.76
434,222,56,2,13.04,1.3,24.78
435,222,63,1,24.77,1.24,23.53
436,222,41,2,105.22,10.52,199.92
437,222,23,1,31.96,1.6,30.36
438,223,38,1,31.72,0.63,31.09
439,223,17,1,21.49,0.43,21.06
440,224,5,3,74.54,11.18,212.44
441,224,24,3,11.39,1.71,32.46
442,224,78,1,88.04,4.4,83.64
443,224,41,1,105.22,5.26,99.96
444,225,41,1,105.22,15.78,89.44
445,226,43,1,50.31,7.55,42.76
446,226,58,1,72.3,10.84,61.46
447,226,2,1,30.95,4.64,26.31
448,227,54,2,41.25,0,82.5
449,227,22,1,78.5,0,78.5
450,228,74,1,40.77,0.82,39.95
451,228,29,1,96.54,1.93,94.61
452,229,10,1,110.84,16.63,94.21
453,229,44,1,40.34,6.05,34.29
454,229,22,3,78.5,35.32,200.18
455,229,49,3,8.76,3.94,22.34
456,230,56,2,13.04,0.52,25.56
457,230,22,1,78.5,1.57,76.93
458,230,78,1,88.04,1.76,86.28
459,231,70,1,97.19,0,97.19
460,231,34,1,30.47,0,30.47
461,231,37,1,76.95,0,76.95
462,231,39,2,17.71,0,35.42
463,232,77,1,82.98,0,82.98
464,233,61,1,45.29,0,45.29
465,233,15,2,20.48,0,40.96
466,233,40,1,6.94,0,6.94
467,233,51,1,40.62,0,40.62
468,234,6,1,98.3,1.97,96.33
469,235,13,1,38.83,0.78,38.05
470,236,71,2,41.69,1.67,81.71
471,236,8,2,9.7,0.39,19.01
472,237,31,1,16.75,0.34,16.41
473,237,61,1,45.29,0.91,44.38
474,238,74,1,40.77,6.12,34.65
475,238,80,3,34.07,15.33,86.88
476,239,25,1,244.5,4.89,239.61
477,240,19,3,59.58,3.57,175.17
478,240,77,3,82.98,4.98,243.96
479,240,34,1,30.47,0.61,29.86
480,240,41,1,105.22,2.1,103.12
481,241,2,1,30.95,0.62,30.33
482,241,80,2,34.07,1.36,66.78
483,242,13,1,38.83,0,38.83
484,242,14,1,60.68,0,60.68
485,243,50,1,37.94,0.76,37.18
486,243,63,1,24.77,0.5,24.27
487,244,52,1,25.33,0,25.33
488,244,5,2,74.54,0,149.08
489,245,48,1,23.88,1.19,22.69
490,246,13,1,38.83,3.88,34.95
491,246,30,3,72.19,21.66,194.91
492,247,12,1,49.26,0.99,48.27
493,247,25,3,244.5,14.67,718.83
494,248,8,2,9.7,0.39,19.01
495,248,66,1,29.13,0.58,28.55
496,249,73,1,90.7,4.54,86.16
497,249,4,2,29.11,2.91,55.31
498,250,47,2,13.14,0,26.28
